{
  "baseline": {
    "tigrbl_ops_per_second": 24.497845250378248,
    "fastapi_ops_per_second": 30.843989691195837
  },
  "optimized": {
    "tigrbl_ops_per_second": 14.0434795586848,
    "fastapi_ops_per_second": 10.910399398447893
  },
  "delta_optimized_vs_baseline": {
    "tigrbl_ops_per_second_abs": -10.454365691693448,
    "tigrbl_ops_per_second_pct": -42.674633564076544,
    "fastapi_ops_per_second_abs": -19.933590292747944,
    "fastapi_ops_per_second_pct": -64.62714613874296,
    "tigrbl_vs_fastapi_ratio_baseline": 0.7942502087325932,
    "tigrbl_vs_fastapi_ratio_optimized": 1.2871645707747983,
    "tigrbl_minus_fastapi_ops_per_second_baseline": -6.346144440817589,
    "tigrbl_minus_fastapi_ops_per_second_optimized": 3.133080160236906
  }
}