{
  "baseline": {
    "tigrbl_ops_per_second": 24.497845250378248,
    "fastapi_ops_per_second": 30.843989691195837
  },
  "optimized": {
    "tigrbl_ops_per_second": 23.080919989213143,
    "fastapi_ops_per_second": 19.845634258508277
  },
  "delta_optimized_vs_baseline": {
    "tigrbl_ops_per_second_abs": -1.4169252611651046,
    "tigrbl_ops_per_second_pct": -5.783877098918434,
    "fastapi_ops_per_second_abs": -10.99835543268756,
    "fastapi_ops_per_second_pct": -35.65801811893016,
    "tigrbl_vs_fastapi_ratio_baseline": 0.7942502087325932,
    "tigrbl_vs_fastapi_ratio_optimized": 1.1630225413086923,
    "tigrbl_minus_fastapi_ops_per_second_baseline": -6.346144440817589,
    "tigrbl_minus_fastapi_ops_per_second_optimized": 3.2352857307048666
  }
}
