{
  "delta": {
    "tigrbl": {
      "ops_per_second": 0.14927671233184014,
      "execution_total_seconds": -0.029018539000048804,
      "first_start_seconds": -0.04550155499998709
    },
    "fastapi": {
      "ops_per_second": -1.0688243383136822,
      "execution_total_seconds": 0.2524053089999825,
      "first_start_seconds": -0.21619930300010992
    },
    "tigrbl_minus_fastapi": {
      "baseline_ops_per_second": 0.4287048305806245,
      "after_ops_per_second": 1.6468058812261468,
      "delta_ops_per_second": 1.2181010506455223,
      "baseline_speedup_ratio": 1.0395582707649313,
      "after_speedup_ratio": 1.168583718839691,
      "delta_speedup_ratio": 0.12902544807475969
    }
  }
}
