{
  "baseline": {
    "tigrbl_ops_per_second": 24.497845250378248,
    "fastapi_ops_per_second": 30.843989691195837
  },
  "optimized": {
    "tigrbl_ops_per_second": 8.28832774956881,
    "fastapi_ops_per_second": 6.523917187840539
  },
  "delta_optimized_vs_baseline": {
    "tigrbl_ops_per_second_abs": -16.20951750080944,
    "tigrbl_ops_per_second_pct": -66.16711525091851,
    "fastapi_ops_per_second_abs": -24.3200725033553,
    "fastapi_ops_per_second_pct": -78.84865980971736,
    "tigrbl_vs_fastapi_ratio_baseline": 0.7942502087325932,
    "tigrbl_vs_fastapi_ratio_optimized": 1.2704526300574184,
    "tigrbl_minus_fastapi_ops_per_second_baseline": -6.346144440817589,
    "tigrbl_minus_fastapi_ops_per_second_optimized": 1.7644105617282708
  }
}
