{
  "baseline": {
    "tigrbl_ops_per_second": 24.497845250378248,
    "fastapi_ops_per_second": 30.843989691195837
  },
  "optimized": {
    "tigrbl_ops_per_second": 11.653342135828103,
    "fastapi_ops_per_second": 10.464873652190613
  },
  "delta_optimized_vs_baseline": {
    "tigrbl_ops_per_second_abs": -12.844503114550145,
    "tigrbl_ops_per_second_pct": -52.431154590430054,
    "fastapi_ops_per_second_abs": -20.379116039005226,
    "fastapi_ops_per_second_pct": -66.0715952865925,
    "tigrbl_vs_fastapi_ratio_baseline": 0.7942502087325932,
    "tigrbl_vs_fastapi_ratio_optimized": 1.1135673992001525,
    "tigrbl_minus_fastapi_ops_per_second_baseline": -6.346144440817589,
    "tigrbl_minus_fastapi_ops_per_second_optimized": 1.1884684836374895
  }
}
