{
  "baseline": {
    "tigrbl_ops_per_second": 24.497845250378248,
    "fastapi_ops_per_second": 30.843989691195837
  },
  "optimized": {
    "tigrbl_ops_per_second": 6.7246763646484045,
    "fastapi_ops_per_second": 6.987823609190745
  },
  "delta_optimized_vs_baseline": {
    "tigrbl_ops_per_second_abs": -17.773168885729845,
    "tigrbl_ops_per_second_pct": -72.54992716331012,
    "fastapi_ops_per_second_abs": -23.856166082005092,
    "fastapi_ops_per_second_pct": -77.34461825739307,
    "tigrbl_vs_fastapi_ratio_baseline": 0.7942502087325932,
    "tigrbl_vs_fastapi_ratio_optimized": 0.9623420310443676
  }
}