{
  "delta": {
    "tigrbl": {
      "ops_per_second": -0.32827495120029226,
      "execution_total_seconds": 0.017420783999995137,
      "first_start_seconds": -0.2679558669999551
    },
    "fastapi": {
      "ops_per_second": -4.598351959810193,
      "execution_total_seconds": 0.3876886700000739,
      "first_start_seconds": -0.1551164289999747
    },
    "tigrbl_minus_fastapi": {
      "baseline_ops_per_second": 2.1976729800907506,
      "after_ops_per_second": 6.4677499887006515,
      "delta_ops_per_second": 4.270077008609901,
      "baseline_speedup_ratio": 1.1117166558656508,
      "after_speedup_ratio": 1.429080972940193,
      "delta_speedup_ratio": 0.31736431707454216
    }
  }
}
