{
  "baseline": {
    "tigrbl_ops_per_second": 24.497845250378248,
    "fastapi_ops_per_second": 30.843989691195837
  },
  "optimized": {
    "tigrbl_ops_per_second": 4.041674674335435,
    "fastapi_ops_per_second": 1.9726104461410772
  },
  "delta_optimized_vs_baseline": {
    "tigrbl_ops_per_second_abs": -20.456170576042812,
    "tigrbl_ops_per_second_pct": -83.50191768693195,
    "fastapi_ops_per_second_abs": -28.87137924505476,
    "fastapi_ops_per_second_pct": -93.60455483907731,
    "tigrbl_vs_fastapi_ratio_baseline": 0.7942502087325932,
    "tigrbl_vs_fastapi_ratio_optimized": 2.0488965179323513,
    "tigrbl_minus_fastapi_ops_per_second_baseline": -6.346144440817589,
    "tigrbl_minus_fastapi_ops_per_second_optimized": 2.0690642281943576
  }
}