{
  "results": [
    {
      "scenario": "tigrbl",
      "ops": 25,
      "first_start_seconds": 0.15279237499999,
      "execution_total_seconds": 1.0831457329986733,
      "ops_per_second": 23.080919989213143,
      "time_per_op_seconds": {
        "min": 0.0399385809978412,
        "mean": 0.0432401741996,
        "max": 0.04835382499732077
      },
      "memory_peak_per_op_bytes": {
        "min": 0.0,
        "mean": 18693.24,
        "max": 309948.0
      }
    },
    {
      "scenario": "fastapi",
      "ops": 25,
      "first_start_seconds": 0.08565993899901514,
      "execution_total_seconds": 1.2597229029997834,
      "ops_per_second": 19.845634258508277,
      "time_per_op_seconds": {
        "min": 0.0438240469993616,
        "mean": 0.050287259919568894,
        "max": 0.06527999000172713
      },
      "memory_peak_per_op_bytes": {
        "min": 0.0,
        "mean": 20878.84,
        "max": 402574.0
      }
    }
  ],
  "units": {
    "first_start_seconds": "seconds",
    "execution_total_seconds": "seconds",
    "ops_per_second": "operations/second",
    "time_per_op_seconds": "seconds",
    "memory_peak_per_op_bytes": "bytes"
  }
}
