{
  "candidate": {
    "ops": 250,
    "warmup_ops": 30,
    "total_execution_time_seconds": 2.605178372000182,
    "ops_per_second": 95.96271897807023
  },
  "baseline": {
    "ops": 250,
    "warmup_ops": 30,
    "total_execution_time_seconds": 6.144996242999923,
    "ops_per_second": 40.68350737964855
  },
  "delta": {
    "ops_per_second_delta": 55.279211598421675,
    "ops_per_second_improvement_percent": 135.8762190353196,
    "total_execution_time_delta_seconds": -3.539817870999741,
    "total_execution_time_reduction_percent": 57.60488259097192
  }
}