{
  "results": [
    {
      "scenario": "tigrbl",
      "ops": 25,
      "first_start_seconds": 0.24507807899999534,
      "execution_total_seconds": 2.1900468119999914,
      "ops_per_second": 11.415281108612257,
      "time_per_op_seconds": {
        "min": 0.05364300500002628,
        "mean": 0.08728355512001144,
        "max": 0.12489152400007697
      },
      "memory_peak_per_op_bytes": {
        "min": 0.0,
        "mean": 18513.4,
        "max": 310994.0
      }
    },
    {
      "scenario": "fastapi",
      "ops": 25,
      "first_start_seconds": 0.11636864099989452,
      "execution_total_seconds": 2.5592530479999596,
      "ops_per_second": 9.76847522738611,
      "time_per_op_seconds": {
        "min": 0.06159754600002998,
        "mean": 0.10185665159998734,
        "max": 0.1384924819999469
      },
      "memory_peak_per_op_bytes": {
        "min": 0.0,
        "mean": 21579.88,
        "max": 403353.0
      }
    }
  ],
  "units": {
    "first_start_seconds": "seconds",
    "execution_total_seconds": "seconds",
    "ops_per_second": "operations/second",
    "time_per_op_seconds": "seconds",
    "memory_peak_per_op_bytes": "bytes"
  }
}
