{
  "results": [
    {
      "scenario": "tigrbl",
      "ops": 25,
      "first_start_seconds": 0.4445284759999595,
      "execution_total_seconds": 1.8971683380000286,
      "ops_per_second": 13.177533853614008,
      "time_per_op_seconds": {
        "min": 0.040131730000211974,
        "mean": 0.07552548988000125,
        "max": 0.18429236300016782
      },
      "memory_peak_per_op_bytes": {
        "min": 0.0,
        "mean": 20586.12,
        "max": 331167.0
      }
    },
    {
      "scenario": "fastapi",
      "ops": 25,
      "first_start_seconds": 0.147790901999997,
      "execution_total_seconds": 2.143282150000232,
      "ops_per_second": 11.664353197733343,
      "time_per_op_seconds": {
        "min": 0.04045322899992243,
        "mean": 0.08272807220002505,
        "max": 0.137915570000132
      },
      "memory_peak_per_op_bytes": {
        "min": 0.0,
        "mean": 22550.96,
        "max": 419553.0
      }
    }
  ],
  "units": {
    "first_start_seconds": "seconds",
    "execution_total_seconds": "seconds",
    "ops_per_second": "operations/second",
    "time_per_op_seconds": "seconds",
    "memory_peak_per_op_bytes": "bytes"
  }
}
