{
  "results": [
    {
      "scenario": "tigrbl",
      "ops": 25,
      "first_start_seconds": 0.9960440250001739,
      "execution_total_seconds": 6.185554755000339,
      "ops_per_second": 4.041674674335435,
      "time_per_op_seconds": {
        "min": 0.027750495999953273,
        "mean": 0.24611919180002587,
        "max": 0.7267456949998632
      },
      "memory_peak_per_op_bytes": {
        "min": 0.0,
        "mean": 20512.2,
        "max": 332409.0
      }
    },
    {
      "scenario": "fastapi",
      "ops": 25,
      "first_start_seconds": 0.391410156999882,
      "execution_total_seconds": 12.673561599000095,
      "ops_per_second": 1.9726104461410772,
      "time_per_op_seconds": {
        "min": 0.11482420099991941,
        "mean": 0.5055579577199387,
        "max": 1.3793127219996677
      },
      "memory_peak_per_op_bytes": {
        "min": 0.0,
        "mean": 22510.12,
        "max": 419604.0
      }
    }
  ],
  "units": {
    "first_start_seconds": "seconds",
    "execution_total_seconds": "seconds",
    "ops_per_second": "operations/second",
    "time_per_op_seconds": "seconds",
    "memory_peak_per_op_bytes": "bytes"
  }
}