{
  "candidate": {
    "ops": 250,
    "warmup_ops": 30,
    "total_execution_time_seconds": 3.117588808999926,
    "ops_per_second": 80.19017751099642
  },
  "baseline": {
    "ops": 250,
    "warmup_ops": 30,
    "total_execution_time_seconds": 6.144996242999923,
    "ops_per_second": 40.68350737964855
  },
  "delta": {
    "ops_per_second_delta": 39.50667013134787,
    "ops_per_second_improvement_percent": 97.10733581222797,
    "total_execution_time_delta_seconds": -3.027407433999997,
    "total_execution_time_reduction_percent": 49.26622107293671
  }
}