{
  "results": [
    {
      "scenario": "tigrbl",
      "ops": 25,
      "first_start_seconds": 0.46805579300007594,
      "execution_total_seconds": 2.276583022000068,
      "ops_per_second": 10.981369780240438,
      "time_per_op_seconds": {
        "min": 0.038458094999896275,
        "mean": 0.09061235115996169,
        "max": 0.1903900839997732
      },
      "memory_peak_per_op_bytes": {
        "min": 0.0,
        "mean": 21252.72,
        "max": 340183.0
      }
    },
    {
      "scenario": "fastapi",
      "ops": 25,
      "first_start_seconds": 0.17784862700000303,
      "execution_total_seconds": 2.485464521999802,
      "ops_per_second": 10.058481937165222,
      "time_per_op_seconds": {
        "min": 0.02657307299978129,
        "mean": 0.09895022988001073,
        "max": 0.1823286230001031
      },
      "memory_peak_per_op_bytes": {
        "min": 0.0,
        "mean": 21812.28,
        "max": 419944.0
      }
    }
  ],
  "units": {
    "first_start_seconds": "seconds",
    "execution_total_seconds": "seconds",
    "ops_per_second": "operations/second",
    "time_per_op_seconds": "seconds",
    "memory_peak_per_op_bytes": "bytes"
  }
}