{
  "results": [
    {
      "scenario": "tigrbl",
      "ops": 25,
      "first_start_seconds": 0.29057963399998243,
      "execution_total_seconds": 2.21906535100004,
      "ops_per_second": 11.266004396280417,
      "time_per_op_seconds": {
        "min": 0.053816498999992746,
        "mean": 0.08834249543999703,
        "max": 0.15954013999999006
      },
      "memory_peak_per_op_bytes": {
        "min": 0.0,
        "mean": 18521.76,
        "max": 311026.0
      }
    },
    {
      "scenario": "fastapi",
      "ops": 25,
      "first_start_seconds": 0.33256794400000445,
      "execution_total_seconds": 2.306847738999977,
      "ops_per_second": 10.837299565699793,
      "time_per_op_seconds": {
        "min": 0.05114834900001597,
        "mean": 0.09179139212000337,
        "max": 0.2235376979999728
      },
      "memory_peak_per_op_bytes": {
        "min": 0.0,
        "mean": 21149.08,
        "max": 399493.0
      }
    }
  ],
  "units": {
    "first_start_seconds": "seconds",
    "execution_total_seconds": "seconds",
    "ops_per_second": "operations/second",
    "time_per_op_seconds": "seconds",
    "memory_peak_per_op_bytes": "bytes"
  }
}
