{
  "candidate": {
    "ops": 250,
    "warmup_ops": 30,
    "total_execution_time_seconds": 6.144996242999923,
    "ops_per_second": 40.68350737964855
  }
}