{
  "results": [
    {
      "scenario": "tigrbl",
      "ops": 25,
      "first_start_seconds": 0.27488499899982344,
      "execution_total_seconds": 0.8933700699999463,
      "ops_per_second": 27.983923840208238,
      "time_per_op_seconds": {
        "min": 0.03300565800009281,
        "mean": 0.035647670719972664,
        "max": 0.05082954299996345
      },
      "memory_peak_per_op_bytes": {
        "min": 0.0,
        "mean": 21132.4,
        "max": 341309.0
      }
    },
    {
      "scenario": "fastapi",
      "ops": 25,
      "first_start_seconds": 0.0941646269998273,
      "execution_total_seconds": 0.6765074770000865,
      "ops_per_second": 36.95450656489463,
      "time_per_op_seconds": {
        "min": 0.022969356999965385,
        "mean": 0.0269703326799754,
        "max": 0.05756048000012015
      },
      "memory_peak_per_op_bytes": {
        "min": 0.0,
        "mean": 22456.28,
        "max": 419359.0
      }
    }
  ],
  "units": {
    "first_start_seconds": "seconds",
    "execution_total_seconds": "seconds",
    "ops_per_second": "operations/second",
    "time_per_op_seconds": "seconds",
    "memory_peak_per_op_bytes": "bytes"
  }
}